run_id,tag,scenario,seed,w_D,w_P,w_T,w_S,confirm_confidence,uncertain_confidence,ablation,status,outcome,outcome_stage,outcome_sim_t,expected_outcome,ground_truth,start_wall,end_wall,wall_s,sim_s,rtf,attempts,bag_ok,died_processes,code_sha256,run_dir
smoke/A/100,smoke,A,100,,,,,,,,ok,complied,S3,74.8,complied,violation,2026-10-05T13:47:04,2026-10-05T13:48:39,95.1,85.0,0.894,1,True,,e76b171d83faafe5,evaluation/data/smoke/smoke/A/100
smoke/A-V/100,smoke,A-V,100,,,,,,,,ok,complied,S3,75.8,complied,violation,2026-10-05T13:49:38,2026-10-05T13:51:14,96.1,86.4,0.899,1,True,,e76b171d83faafe5,evaluation/data/smoke/smoke/A-V/100
smoke/B/100,smoke,B,100,,,,,,,,ok,none,,,none,no_violation,2026-10-05T13:52:13,2026-10-05T13:54:26,133.2,120.6,0.906,1,True,,e76b171d83faafe5,evaluation/data/smoke/smoke/B/100
smoke/B-C7/100,smoke,B-C7,100,,,,,,,,ok,logged_no_compliance,S4,91.6,none,violation,2026-10-05T13:55:25,2026-10-05T13:57:18,113.1,101.7,0.899,1,True,,e76b171d83faafe5,evaluation/data/smoke/smoke/B-C7/100
smoke/C/100,smoke,C,100,,,,,,,,ok,target_lost,S2,52.3,target_lost,violation,2026-10-05T13:58:17,2026-10-05T13:59:28,71.1,62.5,0.879,1,True,,e76b171d83faafe5,evaluation/data/smoke/smoke/C/100
smoke/D/100,smoke,D,100,,,,,,,,ok,none,,,none,no_violation,2026-10-05T14:00:27,2026-10-05T14:02:40,133.2,120.6,0.906,1,True,,e76b171d83faafe5,evaluation/data/smoke/smoke/D/100
smoke/E/100,smoke,E,100,,,,,,,,ok,none,,,none,no_violation,2026-10-05T14:03:39,2026-10-05T14:05:51,132.2,120.4,0.911,1,True,,e76b171d83faafe5,evaluation/data/smoke/smoke/E/100
smoke/F-pen/100,smoke,F-pen,100,,,,,,,,ok,none,,,none,no_violation,2026-10-05T14:06:50,2026-10-05T14:09:03,133.2,120.8,0.907,1,True,,e76b171d83faafe5,evaluation/data/smoke/smoke/F-pen/100
smoke/F-straw/100,smoke,F-straw,100,,,,,,,,ok,none,,,none,no_violation,2026-10-05T14:10:02,2026-10-05T14:12:14,132.2,120.1,0.909,1,True,,e76b171d83faafe5,evaluation/data/smoke/smoke/F-straw/100
smoke/G/100,smoke,G,100,,,,,,,,ok,logged_no_compliance,S4,89.6,logged_no_compliance,violation,2026-10-05T14:13:13,2026-10-05T14:15:05,112.1,100.0,0.892,1,True,,e76b171d83faafe5,evaluation/data/smoke/smoke/G/100
smoke/H/100,smoke,H,100,,,,,,,,ok,target_lost,S2,45.1,target_lost,violation,2026-10-05T14:16:04,2026-10-05T14:17:07,63.1,55.4,0.878,1,True,,e76b171d83faafe5,evaluation/data/smoke/smoke/H/100
smoke/I/100,smoke,I,100,,,,,,,,ok,complied,S3,75.2,complied,violation,2026-10-05T14:18:06,2026-10-05T14:19:41,95.1,85.2,0.896,1,True,,e76b171d83faafe5,evaluation/data/smoke/smoke/I/100
smoke/J/100,smoke,J,100,,,,,,,,ok,complied,S3,74.9,complied,violation,2026-10-05T14:20:39,2026-10-05T14:22:15,95.1,85.2,0.896,1,True,,e76b171d83faafe5,evaluation/data/smoke/smoke/J/100
smoke/K/100,smoke,K,100,,,,,,,,ok,safety_stop,S2,63.5,safety_stop,violation,2026-10-05T14:23:13,2026-10-05T14:24:37,83.1,74.2,0.893,1,True,,e76b171d83faafe5,evaluation/data/smoke/smoke/K/100
smoke/L/100,smoke,L,100,,,,,,,,ok,admin_override,S2,44.2,admin_override,violation,2026-10-05T14:25:35,2026-10-05T14:26:37,62.1,54.5,0.878,1,True,,e76b171d83faafe5,evaluation/data/smoke/smoke/L/100
